ligand_id,o_index,rep,new_smile,HeavyAtomCount,ligCover,betaScore,LinF9,XGB,XGB_score,XGB_LE
9899,2,7kl1,Cc1ccc(-n2ncc3c(Nc4cccc5ccccc45)ncnc32)c(C)c1,28,0.893,-8.5,6.134,6.044964228212832,-8.241,-0.294
11802,1,6x5g,Cc1cccc(C)c1NC(=O)CSc1nnc(Cc2cccc3ccccc23)n1C,30,0.967,-8.6,5.653,5.926051649332045,-8.079,-0.269
12010,3,6x5g,Cc1cc(CSc2nnc(Cc3cccc4ccccc34)n2C2CCCCC2)on1,30,0.9,-8.6,5.836,5.948829372286798,-8.11,-0.27
12081,1,7kl1,Cc1nc(Nc2nc(C)c3cccc(C)c3n2)[nH]c(=O)c1Cc1cccc2ccccc12,32,0.7809999999999999,-8.3,6.638,6.00608443069458,-8.188,-0.256
12117,5,7kl1,CC(=O)c1cccc(NC(=O)Nc2c(C)nn(Cc3cccc4ccccc34)c2C)c1,31,0.8059999999999999,-8.9,6.299,5.964395766496657,-8.132,-0.262
12191,5,7kl1,C[C@H](OC(=O)c1c2c(nc3ccccc13)CCCCC2)c1nnc(-c2ccccc2)o1,31,0.871,-8.1,6.065,6.137671726346017,-8.368,-0.27
12333,3,7kl1,Nn1c(Cc2cccc3ccccc23)nnc1SCC(=O)c1ccc2c(c1)NC(=O)CO2,32,0.7809999999999999,-8.6,6.252000000000002,5.985358681201937,-8.16,-0.255
13129,1,6x5g,Cc1ccc(-n2c(Cc3cccc4ccccc34)nnc2SCCCc2ccccc2)c(C)c1,34,0.8240000000000001,-8.3,6.113,6.034824276447297,-8.228,-0.242
